Structure,Operation,N,Repetition,ElapsedTicks,MicrosecondsPerOp,Checksum
SinglyLinked,AddFirst,100,1,27,0.027000000000000003,0
DynamicArray,AddFirst,100,1,186,0.18600000000000003,0
SinglyLinked,AddAtIndex,100,1,6,0.6,0
DynamicArray,AddAtIndex,100,1,4,0.39999999999999997,0
SinglyLinked,RemoveById,100,1,7,0.7,0
DynamicArray,RemoveById,100,1,8,0.7999999999999999,0
SinglyLinked,FindById,100,1,4870,0.487,25000
DynamicArray,FindById,100,1,2304,0.23039999999999997,25000
SinglyLinked,GetAt,100,1,1859,0.1859,25000
DynamicArray,GetAt,100,1,52,0.0052,25000
SinglyLinked,AddFirst,500,1,115,0.023,0
DynamicArray,AddFirst,500,1,4870,0.974,0
SinglyLinked,AddAtIndex,500,1,10,1,0
DynamicArray,AddAtIndex,500,1,7,0.7,0
SinglyLinked,RemoveById,500,1,21,2.0999999999999996,0
DynamicArray,RemoveById,500,1,24,2.4,0
SinglyLinked,FindById,500,1,22501,2.2500999999999998,125000
DynamicArray,FindById,500,1,11737,1.1737,125000
SinglyLinked,GetAt,500,1,8390,0.839,125000
DynamicArray,GetAt,500,1,164,0.016399999999999998,125000
SinglyLinked,AddFirst,1000,1,231,0.0231,0
DynamicArray,AddFirst,1000,1,22790,2.279,0
SinglyLinked,AddAtIndex,1000,1,48,4.8,0
DynamicArray,AddAtIndex,1000,1,11,1.1,0
SinglyLinked,RemoveById,1000,1,42,4.199999999999999,0
DynamicArray,RemoveById,1000,1,46,4.6,0
SinglyLinked,FindById,1000,1,66514,6.6514,250000
DynamicArray,FindById,1000,1,29475,2.9475,250000
SinglyLinked,GetAt,1000,1,15254,1.5254,250000
DynamicArray,GetAt,1000,1,56,0.0056,250000
SinglyLinked,AddFirst,2500,1,672,0.026879999999999994,0
DynamicArray,AddFirst,2500,1,123745,4.9498,0
SinglyLinked,AddAtIndex,2500,1,45,4.5,0
DynamicArray,AddAtIndex,2500,1,45,4.5,0
SinglyLinked,RemoveById,2500,1,111,11.1,0
DynamicArray,RemoveById,2500,1,101,10.1,0
SinglyLinked,FindById,2500,1,110330,11.033,625000
DynamicArray,FindById,2500,1,95543,9.5543,625000
SinglyLinked,GetAt,2500,1,41824,4.1824,625000
DynamicArray,GetAt,2500,1,56,0.0056,625000
SinglyLinked,AddFirst,5000,1,1137,0.02274,0
DynamicArray,AddFirst,5000,1,449171,8.983419999999999,0
SinglyLinked,AddAtIndex,5000,1,93,9.3,0
DynamicArray,AddAtIndex,5000,1,58,5.800000000000001,0
SinglyLinked,RemoveById,5000,1,218,21.8,0
DynamicArray,RemoveById,5000,1,218,21.8,0
SinglyLinked,FindById,5000,1,254293,25.429299999999998,1250000
DynamicArray,FindById,5000,1,133883,13.388300000000001,1250000
SinglyLinked,GetAt,5000,1,96967,9.6967,1250000
DynamicArray,GetAt,5000,1,66,0.006600000000000001,1250000
SinglyLinked,AddFirst,7500,1,1588,0.021173333333333336,0
DynamicArray,AddFirst,7500,1,1092354,14.56472,0
SinglyLinked,AddAtIndex,7500,1,136,13.6,0
DynamicArray,AddAtIndex,7500,1,90,9,0
SinglyLinked,RemoveById,7500,1,328,32.8,0
DynamicArray,RemoveById,7500,1,358,35.800000000000004,0
SinglyLinked,FindById,7500,1,350076,35.0076,1875000
DynamicArray,FindById,7500,1,179127,17.9127,1875000
SinglyLinked,GetAt,7500,1,141263,14.126299999999999,1875000
DynamicArray,GetAt,7500,1,57,0.005699999999999999,1875000
SinglyLinked,AddFirst,10000,1,2697,0.026969999999999997,0
DynamicArray,AddFirst,10000,1,1941188,19.41188,0
SinglyLinked,AddAtIndex,10000,1,187,18.7,0
DynamicArray,AddAtIndex,10000,1,102,10.200000000000001,0
SinglyLinked,RemoveById,10000,1,413,41.300000000000004,0
DynamicArray,RemoveById,10000,1,635,63.5,0
SinglyLinked,FindById,10000,1,522747,52.274699999999996,2500000
DynamicArray,FindById,10000,1,251242,25.124200000000002,2500000
SinglyLinked,GetAt,10000,1,210308,21.0308,2500000
DynamicArray,GetAt,10000,1,82,0.008199999999999999,2500000
DynamicArray,AddFirst,100,2,573,0.573,0
SinglyLinked,AddFirst,100,2,29,0.029000000000000005,0
DynamicArray,AddAtIndex,100,2,6,0.6,0
SinglyLinked,AddAtIndex,100,2,6,0.6,0
DynamicArray,RemoveById,100,2,11,1.1,0
SinglyLinked,RemoveById,100,2,13,1.3,0
DynamicArray,FindById,100,2,3975,0.3975,25000
SinglyLinked,FindById,100,2,5444,0.5444,25000
DynamicArray,GetAt,100,2,76,0.0076,25000
SinglyLinked,GetAt,100,2,2581,0.25809999999999994,25000
DynamicArray,AddFirst,500,2,5156,1.0312,0
SinglyLinked,AddFirst,500,2,115,0.023,0
DynamicArray,AddAtIndex,500,2,9,0.8999999999999999,0
SinglyLinked,AddAtIndex,500,2,14,1.4,0
DynamicArray,RemoveById,500,2,30,3,0
SinglyLinked,RemoveById,500,2,31,3.1,0
DynamicArray,FindById,500,2,16083,1.6083,125000
SinglyLinked,FindById,500,2,27388,2.7388000000000003,125000
DynamicArray,GetAt,500,2,76,0.0076,125000
SinglyLinked,GetAt,500,2,12321,1.2321000000000002,125000
DynamicArray,AddFirst,1000,2,20237,2.0237,0
SinglyLinked,AddFirst,1000,2,363,0.036300000000000006,0
DynamicArray,AddAtIndex,1000,2,18,1.7999999999999998,0
SinglyLinked,AddAtIndex,1000,2,29,2.9000000000000004,0
DynamicArray,RemoveById,1000,2,65,6.5,0
SinglyLinked,RemoveById,1000,2,579,57.9,0
DynamicArray,FindById,1000,2,32276,3.2276000000000002,250000
SinglyLinked,FindById,1000,2,53263,5.3263,250000
DynamicArray,GetAt,1000,2,65,0.0065,250000
SinglyLinked,GetAt,1000,2,19675,1.9675,250000
DynamicArray,AddFirst,2500,2,180409,7.216359999999999,0
SinglyLinked,AddFirst,2500,2,726,0.029040000000000003,0
DynamicArray,AddAtIndex,2500,2,30,3,0
SinglyLinked,AddAtIndex,2500,2,45,4.5,0
DynamicArray,RemoveById,2500,2,121,12.1,0
SinglyLinked,RemoveById,2500,2,117,11.7,0
DynamicArray,FindById,2500,2,62958,6.2958,625000
SinglyLinked,FindById,2500,2,122933,12.293299999999999,625000
DynamicArray,GetAt,2500,2,50,0.005,625000
SinglyLinked,GetAt,2500,2,68520,6.852,625000
DynamicArray,AddFirst,5000,2,487385,9.7477,0
SinglyLinked,AddFirst,5000,2,1324,0.02648,0
DynamicArray,AddAtIndex,5000,2,45,4.5,0
SinglyLinked,AddAtIndex,5000,2,88,8.8,0
DynamicArray,RemoveById,5000,2,232,23.200000000000003,0
SinglyLinked,RemoveById,5000,2,420,42,0
DynamicArray,FindById,5000,2,129071,12.9071,1250000
SinglyLinked,FindById,5000,2,268985,26.8985,1250000
DynamicArray,GetAt,5000,2,53,0.0053,1250000
SinglyLinked,GetAt,5000,2,106618,10.661800000000001,1250000
DynamicArray,AddFirst,7500,2,1012354,13.498053333333335,0
SinglyLinked,AddFirst,7500,2,1276,0.017013333333333335,0
DynamicArray,AddAtIndex,7500,2,87,8.7,0
SinglyLinked,AddAtIndex,7500,2,140,14,0
DynamicArray,RemoveById,7500,2,340,34,0
SinglyLinked,RemoveById,7500,2,344,34.400000000000006,0
DynamicArray,FindById,7500,2,215614,21.561400000000003,1875000
SinglyLinked,FindById,7500,2,387468,38.74679999999999,1875000
DynamicArray,GetAt,7500,2,63,0.0063,1875000
SinglyLinked,GetAt,7500,2,287723,28.772299999999998,1875000
DynamicArray,AddFirst,10000,2,2135618,21.35618,0
SinglyLinked,AddFirst,10000,2,2146,0.021460000000000003,0
DynamicArray,AddAtIndex,10000,2,109,10.9,0
SinglyLinked,AddAtIndex,10000,2,182,18.2,0
DynamicArray,RemoveById,10000,2,617,61.699999999999996,0
SinglyLinked,RemoveById,10000,2,607,60.699999999999996,0
DynamicArray,FindById,10000,2,287147,28.7147,2500000
SinglyLinked,FindById,10000,2,481132,48.113200000000006,2500000
DynamicArray,GetAt,10000,2,56,0.0056,2500000
SinglyLinked,GetAt,10000,2,198554,19.8554,2500000
SinglyLinked,AddFirst,100,3,87,0.087,0
DynamicArray,AddFirst,100,3,315,0.315,0
SinglyLinked,AddAtIndex,100,3,6,0.6,0
DynamicArray,AddAtIndex,100,3,142,14.2,0
SinglyLinked,RemoveById,100,3,8,0.7999999999999999,0
DynamicArray,RemoveById,100,3,10,1,0
SinglyLinked,FindById,100,3,5453,0.5453,25000
DynamicArray,FindById,100,3,3004,0.3004,25000
SinglyLinked,GetAt,100,3,2966,0.29660000000000003,25000
DynamicArray,GetAt,100,3,63,0.0063,25000
SinglyLinked,AddFirst,500,3,86,0.017200000000000003,0
DynamicArray,AddFirst,500,3,3988,0.7976,0
SinglyLinked,AddAtIndex,500,3,10,1,0
DynamicArray,AddAtIndex,500,3,14,1.4,0
SinglyLinked,RemoveById,500,3,41,4.1,0
DynamicArray,RemoveById,500,3,53,5.3,0
SinglyLinked,FindById,500,3,30546,3.0546,125000
DynamicArray,FindById,500,3,15829,1.5829,125000
SinglyLinked,GetAt,500,3,10932,1.0931999999999997,125000
DynamicArray,GetAt,500,3,72,0.007199999999999999,125000
SinglyLinked,AddFirst,1000,3,222,0.0222,0
DynamicArray,AddFirst,1000,3,20245,2.0244999999999997,0
SinglyLinked,AddAtIndex,1000,3,26,2.6,0
DynamicArray,AddAtIndex,1000,3,14,1.4,0
SinglyLinked,RemoveById,1000,3,61,6.1,0
DynamicArray,RemoveById,1000,3,71,7.1,0
SinglyLinked,FindById,1000,3,65057,6.5057,250000
DynamicArray,FindById,1000,3,25606,2.5606,250000
SinglyLinked,GetAt,1000,3,18299,1.8298999999999999,250000
DynamicArray,GetAt,1000,3,60,0.006,250000
SinglyLinked,AddFirst,2500,3,602,0.02408,0
DynamicArray,AddFirst,2500,3,131254,5.25016,0
SinglyLinked,AddAtIndex,2500,3,62,6.2,0
DynamicArray,AddAtIndex,2500,3,32,3.1999999999999997,0
SinglyLinked,RemoveById,2500,3,106,10.6,0
DynamicArray,RemoveById,2500,3,111,11.1,0
SinglyLinked,FindById,2500,3,132076,13.207600000000001,625000
DynamicArray,FindById,2500,3,55388,5.5388,625000
SinglyLinked,GetAt,2500,3,44581,4.4581,625000
DynamicArray,GetAt,2500,3,60,0.006,625000
SinglyLinked,AddFirst,5000,3,1028,0.020560000000000002,0
DynamicArray,AddFirst,5000,3,447416,8.948319999999999,0
SinglyLinked,AddAtIndex,5000,3,92,9.2,0
DynamicArray,AddAtIndex,5000,3,40,4,0
SinglyLinked,RemoveById,5000,3,208,20.8,0
DynamicArray,RemoveById,5000,3,216,21.6,0
SinglyLinked,FindById,5000,3,213085,21.3085,1250000
DynamicArray,FindById,5000,3,134155,13.4155,1250000
SinglyLinked,GetAt,5000,3,96937,9.6937,1250000
DynamicArray,GetAt,5000,3,56,0.0056,1250000
SinglyLinked,AddFirst,7500,3,1925,0.025666666666666667,0
DynamicArray,AddFirst,7500,3,1128170,15.042266666666666,0
SinglyLinked,AddAtIndex,7500,3,129,12.9,0
DynamicArray,AddAtIndex,7500,3,87,8.7,0
SinglyLinked,RemoveById,7500,3,436,43.6,0
DynamicArray,RemoveById,7500,3,298,29.8,0
SinglyLinked,FindById,7500,3,278773,27.877299999999998,1875000
DynamicArray,FindById,7500,3,166002,16.6002,1875000
SinglyLinked,GetAt,7500,3,124679,12.4679,1875000
DynamicArray,GetAt,7500,3,75,0.0075,1875000
SinglyLinked,AddFirst,10000,3,3516,0.03516,0
DynamicArray,AddFirst,10000,3,1887877,18.878770000000003,0
SinglyLinked,AddAtIndex,10000,3,169,16.900000000000002,0
DynamicArray,AddAtIndex,10000,3,113,11.3,0
SinglyLinked,RemoveById,10000,3,473,47.3,0
DynamicArray,RemoveById,10000,3,607,60.699999999999996,0
SinglyLinked,FindById,10000,3,507116,50.711600000000004,2500000
DynamicArray,FindById,10000,3,270273,27.0273,2500000
SinglyLinked,GetAt,10000,3,219975,21.9975,2500000
DynamicArray,GetAt,10000,3,58,0.0058000000000000005,2500000
DynamicArray,AddFirst,100,4,380,0.38,0
SinglyLinked,AddFirst,100,4,35,0.035,0
DynamicArray,AddAtIndex,100,4,3,0.3,0
SinglyLinked,AddAtIndex,100,4,6,0.6,0
DynamicArray,RemoveById,100,4,9,0.8999999999999999,0
SinglyLinked,RemoveById,100,4,12,1.2,0
DynamicArray,FindById,100,4,2732,0.27320000000000005,25000
SinglyLinked,FindById,100,4,3954,0.39540000000000003,25000
DynamicArray,GetAt,100,4,55,0.0055,25000
SinglyLinked,GetAt,100,4,1769,0.17689999999999997,25000
DynamicArray,AddFirst,500,4,3617,0.7233999999999999,0
SinglyLinked,AddFirst,500,4,119,0.0238,0
DynamicArray,AddAtIndex,500,4,7,0.7,0
SinglyLinked,AddAtIndex,500,4,10,1,0
DynamicArray,RemoveById,500,4,23,2.3,0
SinglyLinked,RemoveById,500,4,21,2.0999999999999996,0
DynamicArray,FindById,500,4,12513,1.2512999999999999,125000
SinglyLinked,FindById,500,4,19090,1.909,125000
DynamicArray,GetAt,500,4,57,0.005699999999999999,125000
SinglyLinked,GetAt,500,4,8367,0.8367,125000
DynamicArray,AddFirst,1000,4,16492,1.6492,0
SinglyLinked,AddFirst,1000,4,239,0.0239,0
DynamicArray,AddAtIndex,1000,4,13,1.3,0
SinglyLinked,AddAtIndex,1000,4,28,2.8,0
DynamicArray,RemoveById,1000,4,57,5.699999999999999,0
SinglyLinked,RemoveById,1000,4,60,6,0
DynamicArray,FindById,1000,4,32587,3.2586999999999997,250000
SinglyLinked,FindById,1000,4,38361,3.8361,250000
DynamicArray,GetAt,1000,4,55,0.0055,250000
SinglyLinked,GetAt,1000,4,16620,1.662,250000
DynamicArray,AddFirst,2500,4,114618,4.58472,0
SinglyLinked,AddFirst,2500,4,613,0.02452,0
DynamicArray,AddAtIndex,2500,4,45,4.5,0
SinglyLinked,AddAtIndex,2500,4,112,11.2,0
DynamicArray,RemoveById,2500,4,109,10.9,0
SinglyLinked,RemoveById,2500,4,107,10.7,0
DynamicArray,FindById,2500,4,55431,5.543099999999999,625000
SinglyLinked,FindById,2500,4,98851,9.8851,625000
DynamicArray,GetAt,2500,4,56,0.0056,625000
SinglyLinked,GetAt,2500,4,41650,4.165,625000
DynamicArray,AddFirst,5000,4,402933,8.05866,0
SinglyLinked,AddFirst,5000,4,1228,0.02456,0
DynamicArray,AddAtIndex,5000,4,42,4.199999999999999,0
SinglyLinked,AddAtIndex,5000,4,86,8.600000000000001,0
DynamicArray,RemoveById,5000,4,203,20.299999999999997,0
SinglyLinked,RemoveById,5000,4,228,22.799999999999997,0
DynamicArray,FindById,5000,4,111910,11.191,1250000
SinglyLinked,FindById,5000,4,228760,22.876,1250000
DynamicArray,GetAt,5000,4,54,0.0054,1250000
SinglyLinked,GetAt,5000,4,82376,8.237599999999999,1250000
DynamicArray,AddFirst,7500,4,835579,11.141053333333334,0
SinglyLinked,AddFirst,7500,4,1373,0.01830666666666667,0
DynamicArray,AddAtIndex,7500,4,59,5.9,0
SinglyLinked,AddAtIndex,7500,4,133,13.299999999999999,0
DynamicArray,RemoveById,7500,4,408,40.800000000000004,0
SinglyLinked,RemoveById,7500,4,545,54.5,0
DynamicArray,FindById,7500,4,233391,23.339100000000002,1875000
SinglyLinked,FindById,7500,4,391298,39.1298,1875000
DynamicArray,GetAt,7500,4,60,0.006,1875000
SinglyLinked,GetAt,7500,4,147148,14.714799999999999,1875000
DynamicArray,AddFirst,10000,4,1569326,15.69326,0
SinglyLinked,AddFirst,10000,4,2068,0.02068,0
DynamicArray,AddAtIndex,10000,4,114,11.399999999999999,0
SinglyLinked,AddAtIndex,10000,4,170,17,0
DynamicArray,RemoveById,10000,4,402,40.2,0
SinglyLinked,RemoveById,10000,4,421,42.1,0
DynamicArray,FindById,10000,4,223856,22.3856,2500000
SinglyLinked,FindById,10000,4,403802,40.380199999999995,2500000
DynamicArray,GetAt,10000,4,58,0.0058000000000000005,2500000
SinglyLinked,GetAt,10000,4,165094,16.509400000000003,2500000
SinglyLinked,AddFirst,100,5,46,0.046,0
DynamicArray,AddFirst,100,5,510,0.51,0
SinglyLinked,AddAtIndex,100,5,9,0.8999999999999999,0
DynamicArray,AddAtIndex,100,5,5,0.5,0
SinglyLinked,RemoveById,100,5,14,1.4,0
DynamicArray,RemoveById,100,5,14,1.4,0
SinglyLinked,FindById,100,5,7670,0.767,25000
DynamicArray,FindById,100,5,3198,0.31980000000000003,25000
SinglyLinked,GetAt,100,5,2459,0.2459,25000
DynamicArray,GetAt,100,5,73,0.007300000000000001,25000
SinglyLinked,AddFirst,500,5,116,0.023200000000000002,0
DynamicArray,AddFirst,500,5,5174,1.0348,0
SinglyLinked,AddAtIndex,500,5,13,1.3,0
DynamicArray,AddAtIndex,500,5,6,0.6,0
SinglyLinked,RemoveById,500,5,29,2.9000000000000004,0
DynamicArray,RemoveById,500,5,28,2.8,0
SinglyLinked,FindById,500,5,26542,2.6542,125000
DynamicArray,FindById,500,5,16044,1.6043999999999998,125000
SinglyLinked,GetAt,500,5,10756,1.0756,125000
DynamicArray,GetAt,500,5,81,0.0081,125000
SinglyLinked,AddFirst,1000,5,351,0.0351,0
DynamicArray,AddFirst,1000,5,41083,4.108299999999999,0
SinglyLinked,AddAtIndex,1000,5,28,2.8,0
DynamicArray,AddAtIndex,1000,5,14,1.4,0
SinglyLinked,RemoveById,1000,5,100,10,0
DynamicArray,RemoveById,1000,5,45,4.5,0
SinglyLinked,FindById,1000,5,38952,3.8952000000000004,250000
DynamicArray,FindById,1000,5,31459,3.1459,250000
SinglyLinked,GetAt,1000,5,24523,2.4523,250000
DynamicArray,GetAt,1000,5,99,0.0099,250000
SinglyLinked,AddFirst,2500,5,725,0.029,0
DynamicArray,AddFirst,2500,5,90867,3.6346799999999995,0
SinglyLinked,AddAtIndex,2500,5,44,4.4,0
DynamicArray,AddAtIndex,2500,5,35,3.5,0
SinglyLinked,RemoveById,2500,5,159,15.9,0
DynamicArray,RemoveById,2500,5,96,9.6,0
SinglyLinked,FindById,2500,5,93284,9.328400000000002,625000
DynamicArray,FindById,2500,5,55464,5.546399999999999,625000
SinglyLinked,GetAt,2500,5,41044,4.104400000000001,625000
DynamicArray,GetAt,2500,5,53,0.0053,625000
SinglyLinked,AddFirst,5000,5,856,0.01712,0
DynamicArray,AddFirst,5000,5,424645,8.4929,0
SinglyLinked,AddAtIndex,5000,5,107,10.7,0
DynamicArray,AddAtIndex,5000,5,57,5.699999999999999,0
SinglyLinked,RemoveById,5000,5,212,21.2,0
DynamicArray,RemoveById,5000,5,230,23,0
SinglyLinked,FindById,5000,5,188336,18.833599999999997,1250000
DynamicArray,FindById,5000,5,159590,15.959000000000001,1250000
SinglyLinked,GetAt,5000,5,145562,14.5562,1250000
DynamicArray,GetAt,5000,5,51,0.0051,1250000
SinglyLinked,AddFirst,7500,5,1276,0.017013333333333335,0
DynamicArray,AddFirst,7500,5,781062,10.414159999999999,0
SinglyLinked,AddAtIndex,7500,5,131,13.1,0
DynamicArray,AddAtIndex,7500,5,59,5.9,0
SinglyLinked,RemoveById,7500,5,318,31.8,0
DynamicArray,RemoveById,7500,5,345,34.5,0
SinglyLinked,FindById,7500,5,352522,35.252199999999995,1875000
DynamicArray,FindById,7500,5,177754,17.7754,1875000
SinglyLinked,GetAt,7500,5,124323,12.432300000000001,1875000
DynamicArray,GetAt,7500,5,54,0.0054,1875000
SinglyLinked,AddFirst,10000,5,1663,0.016630000000000002,0
DynamicArray,AddFirst,10000,5,1739881,17.39881,0
SinglyLinked,AddAtIndex,10000,5,467,46.699999999999996,0
DynamicArray,AddAtIndex,10000,5,96,9.6,0
SinglyLinked,RemoveById,10000,5,476,47.6,0
DynamicArray,RemoveById,10000,5,413,41.300000000000004,0
SinglyLinked,FindById,10000,5,372825,37.2825,2500000
DynamicArray,FindById,10000,5,234833,23.4833,2500000
SinglyLinked,GetAt,10000,5,210894,21.0894,2500000
DynamicArray,GetAt,10000,5,61,0.0060999999999999995,2500000
DynamicArray,AddFirst,100,6,360,0.36,0
SinglyLinked,AddFirst,100,6,36,0.036,0
DynamicArray,AddAtIndex,100,6,3,0.3,0
SinglyLinked,AddAtIndex,100,6,5,0.5,0
DynamicArray,RemoveById,100,6,13,1.3,0
SinglyLinked,RemoveById,100,6,15,1.5,0
DynamicArray,FindById,100,6,4056,0.40559999999999996,25000
SinglyLinked,FindById,100,6,5678,0.5678000000000001,25000
DynamicArray,GetAt,100,6,80,0.008,25000
SinglyLinked,GetAt,100,6,4888,0.48879999999999996,25000
DynamicArray,AddFirst,500,6,6876,1.3752,0
SinglyLinked,AddFirst,500,6,168,0.03359999999999999,0
DynamicArray,AddAtIndex,500,6,15,1.5,0
SinglyLinked,AddAtIndex,500,6,19,1.9,0
DynamicArray,RemoveById,500,6,33,3.3000000000000003,0
SinglyLinked,RemoveById,500,6,80,8,0
DynamicArray,FindById,500,6,16209,1.6209,125000
SinglyLinked,FindById,500,6,27123,2.7123,125000
DynamicArray,GetAt,500,6,75,0.0075,125000
SinglyLinked,GetAt,500,6,14283,1.4283,125000
DynamicArray,AddFirst,1000,6,20519,2.0519000000000003,0
SinglyLinked,AddFirst,1000,6,288,0.028799999999999996,0
DynamicArray,AddAtIndex,1000,6,21,2.0999999999999996,0
SinglyLinked,AddAtIndex,1000,6,27,2.7,0
DynamicArray,RemoveById,1000,6,66,6.6000000000000005,0
SinglyLinked,RemoveById,1000,6,60,6,0
DynamicArray,FindById,1000,6,31309,3.1308999999999996,250000
SinglyLinked,FindById,1000,6,42227,4.2227,250000
DynamicArray,GetAt,1000,6,76,0.0076,250000
SinglyLinked,GetAt,1000,6,23968,2.3968000000000003,250000
DynamicArray,AddFirst,2500,6,115918,4.6367199999999995,0
SinglyLinked,AddFirst,2500,6,442,0.017679999999999998,0
DynamicArray,AddAtIndex,2500,6,20,2,0
SinglyLinked,AddAtIndex,2500,6,45,4.5,0
DynamicArray,RemoveById,2500,6,153,15.299999999999999,0
SinglyLinked,RemoveById,2500,6,149,14.9,0
DynamicArray,FindById,2500,6,65804,6.580400000000001,625000
SinglyLinked,FindById,2500,6,120393,12.039299999999999,625000
DynamicArray,GetAt,2500,6,53,0.0053,625000
SinglyLinked,GetAt,2500,6,44466,4.4466,625000
DynamicArray,AddFirst,5000,6,426801,8.536019999999999,0
SinglyLinked,AddFirst,5000,6,971,0.019420000000000003,0
DynamicArray,AddAtIndex,5000,6,57,5.699999999999999,0
SinglyLinked,AddAtIndex,5000,6,87,8.7,0
DynamicArray,RemoveById,5000,6,188,18.8,0
SinglyLinked,RemoveById,5000,6,209,20.9,0
DynamicArray,FindById,5000,6,127767,12.7767,1250000
SinglyLinked,FindById,5000,6,286286,28.628600000000002,1250000
DynamicArray,GetAt,5000,6,76,0.0076,1250000
SinglyLinked,GetAt,5000,6,115027,11.502699999999999,1250000
DynamicArray,AddFirst,7500,6,997907,13.305426666666666,0
SinglyLinked,AddFirst,7500,6,1875,0.025,0
DynamicArray,AddAtIndex,7500,6,86,8.600000000000001,0
SinglyLinked,AddAtIndex,7500,6,131,13.1,0
DynamicArray,RemoveById,7500,6,469,46.9,0
SinglyLinked,RemoveById,7500,6,461,46.1,0
DynamicArray,FindById,7500,6,166268,16.6268,1875000
SinglyLinked,FindById,7500,6,287127,28.7127,1875000
DynamicArray,GetAt,7500,6,61,0.0060999999999999995,1875000
SinglyLinked,GetAt,7500,6,124545,12.4545,1875000
DynamicArray,AddFirst,10000,6,1591275,15.91275,0
SinglyLinked,AddFirst,10000,6,2038,0.02038,0
DynamicArray,AddAtIndex,10000,6,115,11.5,0
SinglyLinked,AddAtIndex,10000,6,176,17.6,0
DynamicArray,RemoveById,10000,6,447,44.7,0
SinglyLinked,RemoveById,10000,6,472,47.2,0
DynamicArray,FindById,10000,6,221241,22.124100000000002,2500000
SinglyLinked,FindById,10000,6,440028,44.0028,2500000
DynamicArray,GetAt,10000,6,59,0.005900000000000001,2500000
SinglyLinked,GetAt,10000,6,164957,16.495699999999996,2500000
SinglyLinked,AddFirst,100,7,59,0.059000000000000004,0
DynamicArray,AddFirst,100,7,235,0.235,0
SinglyLinked,AddAtIndex,100,7,7,0.7,0
DynamicArray,AddAtIndex,100,7,3,0.3,0
SinglyLinked,RemoveById,100,7,9,0.8999999999999999,0
DynamicArray,RemoveById,100,7,9,0.8999999999999999,0
SinglyLinked,FindById,100,7,8926,0.8926000000000001,25000
DynamicArray,FindById,100,7,6277,0.6277,25000
SinglyLinked,GetAt,100,7,4676,0.46759999999999996,25000
DynamicArray,GetAt,100,7,147,0.0147,25000
SinglyLinked,AddFirst,500,7,288,0.05759999999999999,0
DynamicArray,AddFirst,500,7,9256,1.8511999999999997,0
SinglyLinked,AddAtIndex,500,7,27,2.7,0
DynamicArray,AddAtIndex,500,7,18,1.7999999999999998,0
SinglyLinked,RemoveById,500,7,60,6,0
DynamicArray,RemoveById,500,7,63,6.3,0
SinglyLinked,FindById,500,7,58311,5.831099999999999,125000
DynamicArray,FindById,500,7,25520,2.552,125000
SinglyLinked,GetAt,500,7,15123,1.5123,125000
DynamicArray,GetAt,500,7,132,0.013200000000000002,125000
SinglyLinked,AddFirst,1000,7,488,0.048799999999999996,0
DynamicArray,AddFirst,1000,7,25457,2.5457,0
SinglyLinked,AddAtIndex,1000,7,20,2,0
DynamicArray,AddAtIndex,1000,7,9,0.8999999999999999,0
SinglyLinked,RemoveById,1000,7,43,4.300000000000001,0
DynamicArray,RemoveById,1000,7,40,4,0
SinglyLinked,FindById,1000,7,54707,5.4707,250000
DynamicArray,FindById,1000,7,23074,2.3073999999999995,250000
SinglyLinked,GetAt,1000,7,16019,1.6019,250000
DynamicArray,GetAt,1000,7,53,0.0053,250000
SinglyLinked,AddFirst,2500,7,504,0.02016,0
DynamicArray,AddFirst,2500,7,93470,3.7388,0
SinglyLinked,AddAtIndex,2500,7,44,4.4,0
DynamicArray,AddAtIndex,2500,7,32,3.1999999999999997,0
SinglyLinked,RemoveById,2500,7,115,11.5,0
DynamicArray,RemoveById,2500,7,108,10.8,0
SinglyLinked,FindById,2500,7,96615,9.6615,625000
DynamicArray,FindById,2500,7,55404,5.5404,625000
SinglyLinked,GetAt,2500,7,41388,4.1388,625000
DynamicArray,GetAt,2500,7,58,0.0058000000000000005,625000
SinglyLinked,AddFirst,5000,7,1188,0.02376,0
DynamicArray,AddFirst,5000,7,382187,7.643740000000001,0
SinglyLinked,AddAtIndex,5000,7,86,8.600000000000001,0
DynamicArray,AddAtIndex,5000,7,59,5.9,0
SinglyLinked,RemoveById,5000,7,222,22.2,0
DynamicArray,RemoveById,5000,7,230,23,0
SinglyLinked,FindById,5000,7,203223,20.322300000000002,1250000
DynamicArray,FindById,5000,7,116055,11.6055,1250000
SinglyLinked,GetAt,5000,7,82666,8.2666,1250000
DynamicArray,GetAt,5000,7,56,0.0056,1250000
SinglyLinked,AddFirst,7500,7,1338,0.01784,0
DynamicArray,AddFirst,7500,7,803862,10.718160000000001,0
SinglyLinked,AddAtIndex,7500,7,180,18,0
DynamicArray,AddAtIndex,7500,7,94,9.4,0
SinglyLinked,RemoveById,7500,7,358,35.800000000000004,0
DynamicArray,RemoveById,7500,7,347,34.7,0
SinglyLinked,FindById,7500,7,383082,38.3082,1875000
DynamicArray,FindById,7500,7,207745,20.7745,1875000
SinglyLinked,GetAt,7500,7,190968,19.096799999999998,1875000
DynamicArray,GetAt,7500,7,58,0.0058000000000000005,1875000
SinglyLinked,AddFirst,10000,7,2167,0.021670000000000002,0
DynamicArray,AddFirst,10000,7,1632453,16.324530000000003,0
SinglyLinked,AddAtIndex,10000,7,172,17.200000000000003,0
DynamicArray,AddAtIndex,10000,7,250,25,0
SinglyLinked,RemoveById,10000,7,1277,127.69999999999999,0
DynamicArray,RemoveById,10000,7,501,50.1,0
SinglyLinked,FindById,10000,7,485892,48.5892,2500000
DynamicArray,FindById,10000,7,264897,26.4897,2500000
SinglyLinked,GetAt,10000,7,200497,20.0497,2500000
DynamicArray,GetAt,10000,7,54,0.0054,2500000
DynamicArray,AddFirst,100,8,262,0.262,0
SinglyLinked,AddFirst,100,8,217,0.217,0
DynamicArray,AddAtIndex,100,8,3,0.3,0
SinglyLinked,AddAtIndex,100,8,6,0.6,0
DynamicArray,RemoveById,100,8,10,1,0
SinglyLinked,RemoveById,100,8,8,0.7999999999999999,0
DynamicArray,FindById,100,8,3428,0.3428,25000
SinglyLinked,FindById,100,8,5737,0.5737000000000001,25000
DynamicArray,GetAt,100,8,73,0.007300000000000001,25000
SinglyLinked,GetAt,100,8,2497,0.24969999999999998,25000
DynamicArray,AddFirst,500,8,5220,1.044,0
SinglyLinked,AddFirst,500,8,118,0.023600000000000003,0
DynamicArray,AddAtIndex,500,8,6,0.6,0
SinglyLinked,AddAtIndex,500,8,12,1.2,0
DynamicArray,RemoveById,500,8,27,2.7,0
SinglyLinked,RemoveById,500,8,29,2.9000000000000004,0
DynamicArray,FindById,500,8,16195,1.6195,125000
SinglyLinked,FindById,500,8,26655,2.6655,125000
DynamicArray,GetAt,500,8,72,0.007199999999999999,125000
SinglyLinked,GetAt,500,8,12000,1.2,125000
DynamicArray,AddFirst,1000,8,20716,2.0716,0
SinglyLinked,AddFirst,1000,8,255,0.0255,0
DynamicArray,AddAtIndex,1000,8,16,1.5999999999999999,0
SinglyLinked,AddAtIndex,1000,8,28,2.8,0
DynamicArray,RemoveById,1000,8,58,5.800000000000001,0
SinglyLinked,RemoveById,1000,8,66,6.6000000000000005,0
DynamicArray,FindById,1000,8,32971,3.2971,250000
SinglyLinked,FindById,1000,8,62063,6.2063,250000
DynamicArray,GetAt,1000,8,55,0.0055,250000
SinglyLinked,GetAt,1000,8,15193,1.5192999999999999,250000
DynamicArray,AddFirst,2500,8,103150,4.126,0
SinglyLinked,AddFirst,2500,8,829,0.033159999999999995,0
DynamicArray,AddAtIndex,2500,8,29,2.9000000000000004,0
SinglyLinked,AddAtIndex,2500,8,46,4.6,0
DynamicArray,RemoveById,2500,8,110,11,0
SinglyLinked,RemoveById,2500,8,106,10.6,0
DynamicArray,FindById,2500,8,57217,5.7217,625000
SinglyLinked,FindById,2500,8,94890,9.489,625000
DynamicArray,GetAt,2500,8,54,0.0054,625000
SinglyLinked,GetAt,2500,8,41148,4.1148,625000
DynamicArray,AddFirst,5000,8,466663,9.333260000000001,0
SinglyLinked,AddFirst,5000,8,1188,0.02376,0
DynamicArray,AddAtIndex,5000,8,61,6.1,0
SinglyLinked,AddAtIndex,5000,8,117,11.7,0
DynamicArray,RemoveById,5000,8,189,18.9,0
SinglyLinked,RemoveById,5000,8,224,22.4,0
DynamicArray,FindById,5000,8,111071,11.1071,1250000
SinglyLinked,FindById,5000,8,194264,19.4264,1250000
DynamicArray,GetAt,5000,8,53,0.0053,1250000
SinglyLinked,GetAt,5000,8,85879,8.587900000000001,1250000
DynamicArray,AddFirst,7500,8,876737,11.689826666666667,0
SinglyLinked,AddFirst,7500,8,1499,0.019986666666666666,0
DynamicArray,AddAtIndex,7500,8,86,8.600000000000001,0
SinglyLinked,AddAtIndex,7500,8,127,12.700000000000001,0
DynamicArray,RemoveById,7500,8,411,41.1,0
SinglyLinked,RemoveById,7500,8,451,45.1,0
DynamicArray,FindById,7500,8,245013,24.5013,1875000
SinglyLinked,FindById,7500,8,359924,35.9924,1875000
DynamicArray,GetAt,7500,8,60,0.006,1875000
SinglyLinked,GetAt,7500,8,129558,12.9558,1875000
DynamicArray,AddFirst,10000,8,1696616,16.966160000000002,0
SinglyLinked,AddFirst,10000,8,2236,0.022359999999999998,0
DynamicArray,AddAtIndex,10000,8,88,8.8,0
SinglyLinked,AddAtIndex,10000,8,169,16.900000000000002,0
DynamicArray,RemoveById,10000,8,397,39.7,0
SinglyLinked,RemoveById,10000,8,436,43.6,0
DynamicArray,FindById,10000,8,221839,22.183899999999998,2500000
SinglyLinked,FindById,10000,8,421863,42.1863,2500000
DynamicArray,GetAt,10000,8,54,0.0054,2500000
SinglyLinked,GetAt,10000,8,182760,18.276,2500000
SinglyLinked,AddFirst,100,9,28,0.027999999999999997,0
DynamicArray,AddFirst,100,9,216,0.21600000000000003,0
SinglyLinked,AddAtIndex,100,9,4,0.39999999999999997,0
DynamicArray,AddAtIndex,100,9,2,0.19999999999999998,0
SinglyLinked,RemoveById,100,9,10,1,0
DynamicArray,RemoveById,100,9,9,0.8999999999999999,0
SinglyLinked,FindById,100,9,4949,0.4949,25000
DynamicArray,FindById,100,9,2303,0.23029999999999998,25000
SinglyLinked,GetAt,100,9,1663,0.1663,25000
DynamicArray,GetAt,100,9,56,0.0056,25000
SinglyLinked,AddFirst,500,9,116,0.023200000000000002,0
DynamicArray,AddFirst,500,9,4054,0.8108,0
SinglyLinked,AddAtIndex,500,9,10,1,0
DynamicArray,AddAtIndex,500,9,7,0.7,0
SinglyLinked,RemoveById,500,9,57,5.699999999999999,0
DynamicArray,RemoveById,500,9,23,2.3,0
SinglyLinked,FindById,500,9,18888,1.8888,125000
DynamicArray,FindById,500,9,11007,1.1007,125000
SinglyLinked,GetAt,500,9,8619,0.8619,125000
DynamicArray,GetAt,500,9,165,0.0165,125000
SinglyLinked,AddFirst,1000,9,236,0.023600000000000003,0
DynamicArray,AddFirst,1000,9,14462,1.4461999999999997,0
SinglyLinked,AddAtIndex,1000,9,18,1.7999999999999998,0
DynamicArray,AddAtIndex,1000,9,12,1.2,0
SinglyLinked,RemoveById,1000,9,111,11.1,0
DynamicArray,RemoveById,1000,9,63,6.3,0
SinglyLinked,FindById,1000,9,59472,5.9472,250000
DynamicArray,FindById,1000,9,22203,2.2203000000000004,250000
SinglyLinked,GetAt,1000,9,16766,1.6766,250000
DynamicArray,GetAt,1000,9,50,0.005,250000
SinglyLinked,AddFirst,2500,9,612,0.02448,0
DynamicArray,AddFirst,2500,9,100315,4.0126,0
SinglyLinked,AddAtIndex,2500,9,63,6.3,0
DynamicArray,AddAtIndex,2500,9,19,1.9,0
SinglyLinked,RemoveById,2500,9,105,10.5,0
DynamicArray,RemoveById,2500,9,94,9.4,0
SinglyLinked,FindById,2500,9,96930,9.693,625000
DynamicArray,FindById,2500,9,55376,5.5376,625000
SinglyLinked,GetAt,2500,9,41220,4.122,625000
DynamicArray,GetAt,2500,9,54,0.0054,625000
SinglyLinked,AddFirst,5000,9,872,0.01744,0
DynamicArray,AddFirst,5000,9,404329,8.08658,0
SinglyLinked,AddAtIndex,5000,9,86,8.600000000000001,0
DynamicArray,AddAtIndex,5000,9,40,4,0
SinglyLinked,RemoveById,5000,9,228,22.799999999999997,0
DynamicArray,RemoveById,5000,9,205,20.5,0
SinglyLinked,FindById,5000,9,186976,18.6976,1250000
DynamicArray,FindById,5000,9,110940,11.094,1250000
SinglyLinked,GetAt,5000,9,82316,8.2316,1250000
DynamicArray,GetAt,5000,9,50,0.005,1250000
SinglyLinked,AddFirst,7500,9,1389,0.01852,0
DynamicArray,AddFirst,7500,9,837917,11.172226666666667,0
SinglyLinked,AddAtIndex,7500,9,128,12.799999999999999,0
DynamicArray,AddAtIndex,7500,9,59,5.9,0
SinglyLinked,RemoveById,7500,9,319,31.900000000000002,0
DynamicArray,RemoveById,7500,9,299,29.9,0
SinglyLinked,FindById,7500,9,281271,28.1271,1875000
DynamicArray,FindById,7500,9,167834,16.7834,1875000
SinglyLinked,GetAt,7500,9,125640,12.564,1875000
DynamicArray,GetAt,7500,9,58,0.0058000000000000005,1875000
SinglyLinked,AddFirst,10000,9,2482,0.024820000000000002,0
DynamicArray,AddFirst,10000,9,1668859,16.688589999999998,0
SinglyLinked,AddAtIndex,10000,9,170,17,0
DynamicArray,AddAtIndex,10000,9,88,8.8,0
SinglyLinked,RemoveById,10000,9,507,50.699999999999996,0
DynamicArray,RemoveById,10000,9,406,40.599999999999994,0
SinglyLinked,FindById,10000,9,371976,37.1976,2500000
DynamicArray,FindById,10000,9,222352,22.2352,2500000
SinglyLinked,GetAt,10000,9,164601,16.460099999999997,2500000
DynamicArray,GetAt,10000,9,56,0.0056,2500000
DynamicArray,AddFirst,100,10,276,0.276,0
SinglyLinked,AddFirst,100,10,30,0.03,0
DynamicArray,AddAtIndex,100,10,4,0.39999999999999997,0
SinglyLinked,AddAtIndex,100,10,11,1.1,0
DynamicArray,RemoveById,100,10,13,1.3,0
SinglyLinked,RemoveById,100,10,15,1.5,0
DynamicArray,FindById,100,10,3903,0.39030000000000004,25000
SinglyLinked,FindById,100,10,5780,0.578,25000
DynamicArray,GetAt,100,10,79,0.0079,25000
SinglyLinked,GetAt,100,10,2522,0.25220000000000004,25000
DynamicArray,AddFirst,500,10,5123,1.0246000000000002,0
SinglyLinked,AddFirst,500,10,165,0.033,0
DynamicArray,AddAtIndex,500,10,10,1,0
SinglyLinked,AddAtIndex,500,10,14,1.4,0
DynamicArray,RemoveById,500,10,32,3.1999999999999997,0
SinglyLinked,RemoveById,500,10,30,3,0
DynamicArray,FindById,500,10,18151,1.8151000000000002,125000
SinglyLinked,FindById,500,10,20195,2.0195,125000
DynamicArray,GetAt,500,10,150,0.015,125000
SinglyLinked,GetAt,500,10,7668,0.7667999999999999,125000
DynamicArray,AddFirst,1000,10,21239,2.1239,0
SinglyLinked,AddFirst,1000,10,248,0.0248,0
DynamicArray,AddAtIndex,1000,10,12,1.2,0
SinglyLinked,AddAtIndex,1000,10,18,1.7999999999999998,0
DynamicArray,RemoveById,1000,10,44,4.4,0
SinglyLinked,RemoveById,1000,10,42,4.199999999999999,0
DynamicArray,FindById,1000,10,22836,2.2836000000000003,250000
SinglyLinked,FindById,1000,10,68385,6.8385,250000
DynamicArray,GetAt,1000,10,73,0.007300000000000001,250000
SinglyLinked,GetAt,1000,10,21191,2.1191,250000
DynamicArray,AddFirst,2500,10,102454,4.09816,0
SinglyLinked,AddFirst,2500,10,633,0.02532,0
DynamicArray,AddAtIndex,2500,10,30,3,0
SinglyLinked,AddAtIndex,2500,10,63,6.3,0
DynamicArray,RemoveById,2500,10,96,9.6,0
SinglyLinked,RemoveById,2500,10,110,11,0
DynamicArray,FindById,2500,10,55016,5.5016,625000
SinglyLinked,FindById,2500,10,98418,9.8418,625000
DynamicArray,GetAt,2500,10,56,0.0056,625000
SinglyLinked,GetAt,2500,10,41843,4.1843,625000
DynamicArray,AddFirst,5000,10,354956,7.09912,0
SinglyLinked,AddFirst,5000,10,841,0.016819999999999998,0
DynamicArray,AddAtIndex,5000,10,55,5.5,0
SinglyLinked,AddAtIndex,5000,10,86,8.600000000000001,0
DynamicArray,RemoveById,5000,10,229,22.900000000000002,0
SinglyLinked,RemoveById,5000,10,210,21,0
DynamicArray,FindById,5000,10,123478,12.347800000000001,1250000
SinglyLinked,FindById,5000,10,189193,18.9193,1250000
DynamicArray,GetAt,5000,10,50,0.005,1250000
SinglyLinked,GetAt,5000,10,83792,8.3792,1250000
DynamicArray,AddFirst,7500,10,879453,11.726040000000001,0
SinglyLinked,AddFirst,7500,10,1417,0.01889333333333333,0
DynamicArray,AddAtIndex,7500,10,58,5.800000000000001,0
SinglyLinked,AddAtIndex,7500,10,139,13.9,0
DynamicArray,RemoveById,7500,10,296,29.6,0
SinglyLinked,RemoveById,7500,10,332,33.2,0
DynamicArray,FindById,7500,10,167817,16.7817,1875000
SinglyLinked,FindById,7500,10,329257,32.925700000000006,1875000
DynamicArray,GetAt,7500,10,124,0.0124,1875000
SinglyLinked,GetAt,7500,10,200636,20.0636,1875000
DynamicArray,AddFirst,10000,10,1509849,15.09849,0
SinglyLinked,AddFirst,10000,10,3395,0.03395,0
DynamicArray,AddAtIndex,10000,10,87,8.7,0
SinglyLinked,AddAtIndex,10000,10,171,17.099999999999998,0
DynamicArray,RemoveById,10000,10,473,47.3,0
SinglyLinked,RemoveById,10000,10,420,42,0
DynamicArray,FindById,10000,10,237871,23.7871,2500000
SinglyLinked,FindById,10000,10,406987,40.698699999999995,2500000
DynamicArray,GetAt,10000,10,59,0.005900000000000001,2500000
SinglyLinked,GetAt,10000,10,166431,16.6431,2500000
